Username,Fullname,Profile URL
sara.producciones,Sara,https://www.instagram.com/sara.producciones
manijaayudamanija,ğ—ºğ—®ğ—»ğ—¶ğ—·ğ—®ğ—®ğ˜†ğ˜‚ğ—±ğ—®ğ—ºğ—®ğ—»ğ—¶ğ—·ğ—®,https://www.instagram.com/manijaayudamanija
vibez.nt,.,https://www.instagram.com/vibez.nt
un.astro,ASTRO,https://www.instagram.com/un.astro
resident.lapampa,Resident Local Talent,https://www.instagram.com/resident.lapampa
hellyes_ar,HELLYES,https://www.instagram.com/hellyes_ar
pathoflust_ba,Path Of Lust ğŸ”¥,https://www.instagram.com/pathoflust_ba
west.side.ofc,ğ•ğ•–ğ•¤ğ•¥ ğ•Šğ•šğ••ğ•– â›“ï¸ ğ”¼ğ•§ğ•–ğ•Ÿğ•¥ğ• ğ•¤,https://www.instagram.com/west.side.ofc
voyager.prod,DÃ©jate abducir ğŸ›¸,https://www.instagram.com/voyager.prod
atardecerescl,ATARDECERES CL ğŸŒ´ğŸŒğŸŒ´,https://www.instagram.com/atardecerescl
magikgardenofficial,Magik Garden Festival Official,https://www.instagram.com/magikgardenofficial
street_machine,Street Machine,https://www.instagram.com/street_machine
eventshsu.cl,H S U,https://www.instagram.com/eventshsu.cl
_lemonadegroup,ğ˜“ğ˜¦ğ˜®ğ˜°ğ˜¯ğ˜¢ğ˜¥ğ˜¦ ğ˜ğ˜³ğ˜°ğ˜¶ğ˜± Â®,https://www.instagram.com/_lemonadegroup
galeriaconvexa,Galeria Convexa,https://www.instagram.com/galeriaconvexa
undernotescl,Undernotes,https://www.instagram.com/undernotescl
animals.stgo,ANIMALS,https://www.instagram.com/animals.stgo
merkaba_cl,.,https://www.instagram.com/merkaba_cl
laferiaclub.oficial,La Feria Club,https://www.instagram.com/laferiaclub.oficial
groove.producciones,GROOVE PRODUCCIONES,https://www.instagram.com/groove.producciones
x7.gate,X7GATES,https://www.instagram.com/x7.gate
escapadaproducciones,La escapada â›°,https://www.instagram.com/escapadaproducciones
vibra.producciones1,VIBRA,https://www.instagram.com/vibra.producciones1
synergy_prod,SYNERGY,https://www.instagram.com/synergy_prod
jaguarhaus_,Jaguar HaÃ¼s,https://www.instagram.com/jaguarhaus_
clubfauna,Club Fauna,https://www.instagram.com/clubfauna
rebelsevents_chile,REBELS CHILEğŸ‡¨ğŸ‡±,https://www.instagram.com/rebelsevents_chile
wander.lust.ofc,Electronic Music ğŸµ,https://www.instagram.com/wander.lust.ofc
substance_cl,Substance,https://www.instagram.com/substance_cl
vibe.cl,V I B E,https://www.instagram.com/vibe.cl
mindsetmusic.cl,Mindset Music Â®,https://www.instagram.com/mindsetmusic.cl
somevelvetmidnight,ğ—©ğ—˜ğ—Ÿğ—©ğ—˜ğ—§,https://www.instagram.com/somevelvetmidnight
missa.ba,MISSA,https://www.instagram.com/missa.ba
amazonia.or,AmazonÃ­a OR,https://www.instagram.com/amazonia.or
vivabaofficial,ViVA BUENOS AIRES,https://www.instagram.com/vivabaofficial
viciofantasia,Vicio FantasÃ­a,https://www.instagram.com/viciofantasia
estilomusic.lp,Estilo Music,https://www.instagram.com/estilomusic.lp
crewcicle,Crew,https://www.instagram.com/crewcicle
duson.prod,DUSON,https://www.instagram.com/duson.prod
mdchino.producciones,MD CHINO PRODUCCIONES,https://www.instagram.com/mdchino.producciones
erotic.techno,EROTIC TECHNO,https://www.instagram.com/erotic.techno
rave_and_roll,Rave&Roll,https://www.instagram.com/rave_and_roll
girls.at.techno,Girls at Techno,https://www.instagram.com/girls.at.techno
thegalaxiasounds,GALAXIA SOUNDS,https://www.instagram.com/thegalaxiasounds
clubcheka,CLUB CHEKA,https://www.instagram.com/clubcheka
_micro.tron.prod_,August,https://www.instagram.com/_micro.tron.prod_
mirage.eventoscl,Fiestas de musica electronica,https://www.instagram.com/mirage.eventoscl
artechno.bsas,ARTECHNO ğŸ‡¦ğŸ‡·,https://www.instagram.com/artechno.bsas
laferiafestival,LA FERIA FESTIVAL,https://www.instagram.com/laferiafestival
geniusoffunk,Genius Of Funk,https://www.instagram.com/geniusoffunk
nochesdehousecl,Noches De House,https://www.instagram.com/nochesdehousecl
ufofest_,ğŸ›¸ U.F.O. F E S T ğŸ›¸,https://www.instagram.com/ufofest_
highsession.ba,H I G H S E S S I O N S,https://www.instagram.com/highsession.ba
_circleoflifemusic,,https://www.instagram.com/_circleoflifemusic
orakel_techno,Orakel,https://www.instagram.com/orakel_techno
insomnia.arg_,Insomnia Producciones ğŸ‡¦ğŸ‡·,https://www.instagram.com/insomnia.arg_
_elevatemusic,ğ˜Œğ˜“ğ˜Œğ˜ğ˜ˆğ˜›ğ˜Œ ğ˜”ğ˜œğ˜šğ˜ğ˜Š,https://www.instagram.com/_elevatemusic
lunatica_scl,Lunatica Scl,https://www.instagram.com/lunatica_scl
espacio_93,,https://www.instagram.com/espacio_93
underclub.miami,Under Club Miami,https://www.instagram.com/underclub.miami
aftersevenok,After Seven Â® electronic vibes,https://www.instagram.com/aftersevenok
sensations_onboard,ğŸ‡¸â€ŒğŸ‡ªâ€ŒğŸ‡³â€ŒğŸ‡¸â€ŒğŸ‡¦â€ŒğŸ‡¹â€ŒğŸ‡®â€ŒğŸ‡´â€ŒğŸ‡³â€ŒğŸ‡¸â€Œ ğ“ğ“· ğ“«ğ“¸ğ“ªğ“»ğ“­,https://www.instagram.com/sensations_onboard
__2478_,ğŸ®ğŸ°ğŸ³ğŸ´ ğ—§ğ—˜ğ—–ğ—›ğ—¡ğ—¢,https://www.instagram.com/__2478_
algorave_arg,ALGORAVE ARGENTINA,https://www.instagram.com/algorave_arg
itsrawprod,RAW PROD,https://www.instagram.com/itsrawprod
takeiteasyproducciones,take it easy,https://www.instagram.com/takeiteasyproducciones
b_b_producciones,,https://www.instagram.com/b_b_producciones
complotnights,Complot nightsğŸš€,https://www.instagram.com/complotnights
clublasalacl,á´„ÊŸá´œÊ™ ÊŸá´€ sá´€ÊŸá´€ Â®,https://www.instagram.com/clublasalacl
maquinal.maquinal,Maquinal | Espacio cultural,https://www.instagram.com/maquinal.maquinal
nada_club,NADA.,https://www.instagram.com/nada_club
runaways.arg,Runaways,https://www.instagram.com/runaways.arg
kompaz.crew,kompaz crew,https://www.instagram.com/kompaz.crew
psymania.ar,PSYMANIA,https://www.instagram.com/psymania.ar
evolutioneventrosario,EVOLUTION,https://www.instagram.com/evolutioneventrosario
databari_,Data,https://www.instagram.com/databari_
psadilla.z,,https://www.instagram.com/psadilla.z
tds_rave,TECHNO DONDE SEA,https://www.instagram.com/tds_rave
presente.pro,Presente pro,https://www.instagram.com/presente.pro
beat21producciones,BEAT 21 PRODUCCIONES âš¡ï¸,https://www.instagram.com/beat21producciones
elclubdelprogre,El Club Del Progre,https://www.instagram.com/elclubdelprogre
buenosairesprogressive,Buenos AIRES Progressive,https://www.instagram.com/buenosairesprogressive
lalocandabar,La Locanda barâ€¢cocinaâ€¢libros,https://www.instagram.com/lalocandabar
official_dessert_,Dessert,https://www.instagram.com/official_dessert_
underground.move,U.MOVE,https://www.instagram.com/underground.move
agenciacrvel,ğ’¶ğ‘”ğ‘’ğ“ƒğ’¸ğ’¾ğ’¶ ğ’¸ğ“‡ğ“‹ğ‘’ğ“ ğŸ©¸,https://www.instagram.com/agenciacrvel
micrarecordings,MICRA RECORDINGS,https://www.instagram.com/micrarecordings
indiaproducciones.ba,India Producciones,https://www.instagram.com/indiaproducciones.ba
midnight.collective.cl,Midnight Collective,https://www.instagram.com/midnight.collective.cl
fpbeats,FP BEATSÂ®,https://www.instagram.com/fpbeats
ocular.musicainteligente,,https://www.instagram.com/ocular.musicainteligente
culture.cba,Culture,https://www.instagram.com/culture.cba
royceoficial,ROYCE CLUB,https://www.instagram.com/royceoficial
bruit.music,ğ—¯ğ—¿ğ˜‚ğ—¶ğ˜,https://www.instagram.com/bruit.music
blackdancebgta,BlackDance BogotaÌ ğŸ‘½,https://www.instagram.com/blackdancebgta
grv.dvsn,ğ™‚ğ™ğ™Šğ™Šğ™‘ğ™€ ğ˜¿ğ™„ğ™‘ğ™„ğ™ğ™„ğ™Šğ™‰,https://www.instagram.com/grv.dvsn
suspiria.rave,suspiria rave,https://www.instagram.com/suspiria.rave
theinside.ba,The Inside,https://www.instagram.com/theinside.ba
chauenbarofficial,CHAUEN BAR OFICIAL,https://www.instagram.com/chauenbarofficial
handles.ar,HANDLES,https://www.instagram.com/handles.ar
magiari._,MAGIARI â–ªï¸,https://www.instagram.com/magiari._
imcrewproductora,Imcrewproductora,https://www.instagram.com/imcrewproductora
niche_sounds,Niche Sounds,https://www.instagram.com/niche_sounds
belongto_booking,ğ˜‰ğ˜Œğ˜“ğ˜–ğ˜•ğ˜ ğ™ğ™Š ğ˜½ğ™Šğ™Šğ™†ğ™„ğ™‰ğ™‚ Â®,https://www.instagram.com/belongto_booking
beatgarden_,Beat Garden Â®ï¸,https://www.instagram.com/beatgarden_
electrip.trip,[ E L E C T R I P ],https://www.instagram.com/electrip.trip
xielo.palermo,XIELO PALERMO,https://www.instagram.com/xielo.palermo
neuquenundertechno,NeuquenUnderTechno,https://www.instagram.com/neuquenundertechno
clubferoz,LA FEROZ,https://www.instagram.com/clubferoz
darknessrave_,DARKNESS,https://www.instagram.com/darknessrave_
themusicroute,The Music Route,https://www.instagram.com/themusicroute
glazba__,GLAZBA,https://www.instagram.com/glazba__
elroble.producciones,El ROBLE Producciones.,https://www.instagram.com/elroble.producciones
unendlichtechno,[Unendlich],https://www.instagram.com/unendlichtechno
konexion.ba,KONEXION,https://www.instagram.com/konexion.ba
arvoc.club,,https://www.instagram.com/arvoc.club
medialunasessions,MEDIALUNA SESSIONS,https://www.instagram.com/medialunasessions
onebeat.producciones,One Beat Producciones,https://www.instagram.com/onebeat.producciones
surrealismo.rec,ğš‚ğš„ğšğšğ™´ğ™°ğ™»ğ™¸ğš‚ğ™¼ğ™¾,https://www.instagram.com/surrealismo.rec
sound.valley.music,SOUND VALLEY,https://www.instagram.com/sound.valley.music
cyclesigma,CYCLESIGMA. #sigmaproducciones,https://www.instagram.com/cyclesigma
hype_producciones,HYPE producciones,https://www.instagram.com/hype_producciones
_backtothebasic,backtothebasic,https://www.instagram.com/_backtothebasic
dasleben.arg,Das Leben,https://www.instagram.com/dasleben.arg
_astrofest,#ASTROFEST,https://www.instagram.com/_astrofest
wavehouse_music,WaveHouse,https://www.instagram.com/wavehouse_music
lucent.music,LUCENT,https://www.instagram.com/lucent.music
insideba.oficial,INSIDE.BA,https://www.instagram.com/insideba.oficial
lacabinacba,La Cabina,https://www.instagram.com/lacabinacba
prana.pro,Prana,https://www.instagram.com/prana.pro
aticostd82,Atico StD,https://www.instagram.com/aticostd82
bioma.ba,BIOMA â™ ï¸,https://www.instagram.com/bioma.ba
jokergroover,The Joker,https://www.instagram.com/jokergroover
grooveandflavorchile,Groove & Flavor Chile,https://www.instagram.com/grooveandflavorchile
liquidme_,LIQUIDME drum and bass sessions,https://www.instagram.com/liquidme_
pendulo.ciclo,Pendulo,https://www.instagram.com/pendulo.ciclo
strongbass.prod,STRONG BASS,https://www.instagram.com/strongbass.prod
ciclo.thepoint,áµ—Ê°áµ‰point,https://www.instagram.com/ciclo.thepoint
holographic.techno,HOLOGRAPHIC,https://www.instagram.com/holographic.techno
the.house._,ğ—§ ğ—› ğ—˜ â€¢ ğ—› ğ—¢ ğ—¨ ğ—¦ ğ—˜ Â®ï¸,https://www.instagram.com/the.house._
amatistaloungebar,Amatista Lounge Bar,https://www.instagram.com/amatistaloungebar
ftmunderground,FeelTheMusic,https://www.instagram.com/ftmunderground
laviejaescuelacultobar,LA VIEJA ESCUELA CULTO BAR,https://www.instagram.com/laviejaescuelacultobar
lumiere.cl,LumieÌre,https://www.instagram.com/lumiere.cl
santoremediocl,Santo Remedio,https://www.instagram.com/santoremediocl
booth.panama,Booth (PanamaÌ),https://www.instagram.com/booth.panama
nature_rec,NATURE,https://www.instagram.com/nature_rec
viuz____,VIUZ,https://www.instagram.com/viuz____
electricanimals_,Electric Animals,https://www.instagram.com/electricanimals_
nexus__techno,ğğ„ğ—ğ”ğ’ ğ‘ğ„ğ‚ğğ‘ğƒğ’,https://www.instagram.com/nexus__techno
gravity.cr,Gravity,https://www.instagram.com/gravity.cr
baumfestivalchile,Baum Festival Chile,https://www.instagram.com/baumfestivalchile
deals.arg,Deals,https://www.instagram.com/deals.arg
_astraltrip_,A S T R A L T R I P,https://www.instagram.com/_astraltrip_
onairmusicarg,On Air Music,https://www.instagram.com/onairmusicarg
mtm.idd,MTM.,https://www.instagram.com/mtm.idd
shakerclub.music,SHAKER â˜ï¸âƒ¤,https://www.instagram.com/shakerclub.music
fuegodevidafestival,FUEGO DE VIDA,https://www.instagram.com/fuegodevidafestival
rollthedice.prod,ROLL THE DICE,https://www.instagram.com/rollthedice.prod
radikals.techno,Radikals Techno (RDK),https://www.instagram.com/radikals.techno
theklanchile,TheKlan | Events & Music,https://www.instagram.com/theklanchile
piknicscl,Piknic EÌlectronik Santiago,https://www.instagram.com/piknicscl
escenaelectronica,ESCENA ELECTROÌNICA,https://www.instagram.com/escenaelectronica
kaos_technocl,K A O S,https://www.instagram.com/kaos_technocl
dgtl.santiago,DGTL Santiago,https://www.instagram.com/dgtl.santiago
technoeventos.cl,Techno Eventos,https://www.instagram.com/technoeventos.cl
misa.chile,M I S âˆ† Â®,https://www.instagram.com/misa.chile
clubroomchile,Club Room,https://www.instagram.com/clubroomchile
journey.electronicmusic,"âœˆï¸
 ğ™‰ğ™šğ™­ğ™© ğ™™ğ™–ğ™©ğ™š: 13.04.24",https://www.instagram.com/journey.electronicmusic
metrica_col,MÃ‰TRICA,https://www.instagram.com/metrica_col
evermore.prod,Evermore âœ³ Productora de Eventos,https://www.instagram.com/evermore.prod
bambamusic.ok,BAMBA CLUB,https://www.instagram.com/bambamusic.ok
kultoo.club,Kultoo.wtc,https://www.instagram.com/kultoo.club
noise.ros,NOISE ğŸŒ˜,https://www.instagram.com/noise.ros
gigtechno,Gig Techno Record Label,https://www.instagram.com/gigtechno
futura.ba_,Futura,https://www.instagram.com/futura.ba_
carnada.arg,PRODUCTORA EMERGENTE,https://www.instagram.com/carnada.arg
unknownproducciones,UÉ´á´‹É´á´á´¡É´ PÊ€á´á´…á´œá´„á´„Éªá´É´á´‡êœ±,https://www.instagram.com/unknownproducciones
sublimeproductoraok,SUBLIME Productora,https://www.instagram.com/sublimeproductoraok
tribet_producciones,TRIâ™¦BET producciones,https://www.instagram.com/tribet_producciones
supra_rosario,SUPRA,https://www.instagram.com/supra_rosario
_____koolkidz,,https://www.instagram.com/_____koolkidz
oddityarg,ODDITY,https://www.instagram.com/oddityarg
target.ba,TARGET,https://www.instagram.com/target.ba
delay.uy,DELAY,https://www.instagram.com/delay.uy
new.home.prod,New Home,https://www.instagram.com/new.home.prod
produ.darkmoon,Dark Moon ğŸŒ˜,https://www.instagram.com/produ.darkmoon
elbloqueproductora,EL BLOQUE,https://www.instagram.com/elbloqueproductora
elbosque.prod,EL BOSQUE ğŸŒ³,https://www.instagram.com/elbosque.prod
buengusto.prod,Buen Gusto Producciones,https://www.instagram.com/buengusto.prod
lasoiree___,La SoirÃ©e,https://www.instagram.com/lasoiree___
dorian_chapter,Dorian Chapter,https://www.instagram.com/dorian_chapter
alfresco.picnicmusical,AL FRESCO,https://www.instagram.com/alfresco.picnicmusical
deepgroovesession,DEEP GROOVE SESSION,https://www.instagram.com/deepgroovesession
dontstop.producciones,DON'T STOP producciones ğŸ›‘ âŒ,https://www.instagram.com/dontstop.producciones
matrixproduccioness,Matrix,https://www.instagram.com/matrixproduccioness
animal.rosario,Ãnimal,https://www.instagram.com/animal.rosario
fuegotechno,FUEGO TECHNO,https://www.instagram.com/fuegotechno
thehandlexxi,The Handle XXI,https://www.instagram.com/thehandlexxi
shift.ciclo,Shift | Fiesta,https://www.instagram.com/shift.ciclo
duat.ofc,Duat,https://www.instagram.com/duat.ofc
oblivion.producciones,Oblivion,https://www.instagram.com/oblivion.producciones
sunsetroomsarg,SUNSET ROOMS,https://www.instagram.com/sunsetroomsarg
untracked.prod,Untracked PROD,https://www.instagram.com/untracked.prod
wish.baires,Wish House & Garage,https://www.instagram.com/wish.baires
rave.3000,Rave3000,https://www.instagram.com/rave.3000
downtempo.rooftop,Downtempo Rooftop,https://www.instagram.com/downtempo.rooftop
rotechnobar,RO,https://www.instagram.com/rotechnobar
crobarclub,Crobar Club ğŸ‡¦ğŸ‡·,https://www.instagram.com/crobarclub
underclub.oficial,Under Club,https://www.instagram.com/underclub.bsas/
laspalapas_,LAS PALAPAS,https://www.instagram.com/laspalapas_
tera.buenosaires,TERA,https://www.instagram.com/tera.buenosaires
moove__club,MOOVE,https://www.instagram.com/moove__club/
2gthr.ba,ğŸ®ğ—šğ—§ğ—›ğ—¥,https://www.instagram.com/2gthr.ba/
galeria.musicbsas,Galeria.musicBsAs - ArgğŸ‡¦ğŸ‡·,https://www.instagram.com/galeria.musicbsas
jetbuenosaires,JET ( OFFICIAL SITE ),https://www.instagram.com/jetbuenosaires
duneparkclub,Centro Cultural DVNE PARK Â®,https://www.instagram.com/duneparkclub
zona__drinks,Zona DrinksğŸº,https://www.instagram.com/zona__drinks
drop.music.sessions,DROP MUSIC SESSIONS,https://www.instagram.com/drop.music.sessions
club69.ba,Club 69 Buenos Aires,https://www.instagram.com/club69.ba
avantgartenba,Avant Garten,https://www.instagram.com/avantgartenba
switch.rosario,ğ—¦ğ—ªğ—œğ—§ğ—–ğ—› ğ—–ğ—Ÿğ—¨ğ—•,https://www.instagram.com/switch.rosario
rioelectronicmusic,Rio Electronic Music,https://www.instagram.com/rioelectronicmusic
unique.communityba,Unique Community ğŸ‡¦ğŸ‡·,https://www.instagram.com/unique.communityba
groovebeat.music,Groovebeat Records,https://www.instagram.com/groovebeat.music
lajuanitarecords,La Juanita Music,https://www.instagram.com/lajuanitamusic/
kikaoficialok,KIKA CLUB OFICIAL,https://www.instagram.com/kikaoficialok
afterplaya,After Playa,https://www.instagram.com/afterplaya
meedproducciones,Meed Producciones,https://www.instagram.com/meedproducciones
artlabpro,Artlab,https://www.instagram.com/artlabpro
lacarpamdq,La Carpa,https://www.instagram.com/lacarpamdq
elatico_club,EL ATICO,https://www.instagram.com/elatico_club
omnia_producciones,O M N I A,https://www.instagram.com/omnia_producciones
svg_prod,SVG Entertainment,https://www.instagram.com/svg_prod
nexus.gigs,NEXUS,https://www.instagram.com/nexus.gigs
buenasnochespro,Buenas Noches Producciones,https://www.instagram.com/buenasnochespro
codigonuevo.prod,CÃ³digo Nuevo Producciones,https://www.instagram.com/codigonuevo.prod
suono.ar,S U O Ğ˜ O,https://www.instagram.com/suono.ar
ciclic_community,Ciclic Producciones - Bariloche,https://www.instagram.com/ciclic_community
clubbahreinoficial,Club Bahrein Oficial,https://www.instagram.com/clubbahreinoficial
heiss.techno,HEISS TECHNO,https://www.instagram.com/heiss.techno
quantik.ba,QUANTIK by INPUT,https://www.instagram.com/quantik.bsas/
ravepartiescorp,Rave Parties Corp - Oficial,https://www.instagram.com/ravepartiescorp
issa.productora,Issa Producciones,https://www.instagram.com/issa.productora
franciscadelfuego,Francisca del Fuego,https://www.instagram.com/franciscadelfuego
theshamrockba,The Shamrock Bar & Basement,https://www.instagram.com/theshamrockba
fruta.oficial,Fruta,https://www.instagram.com/fruta.oficial
terrafuria,TERRA FURIA,https://www.instagram.com/terrafuria
clubthebowba,THE BOW CLUB ğŸ‡¦ğŸ‡·,https://www.instagram.com/clubthebowba
lacrewros,La Crew Ros.,https://www.instagram.com/lacrewros
dusk.prod,DUSK,https://www.instagram.com/dusk.prod
nexus.electronic,NEXUS,https://www.instagram.com/nexus.electronic
estamosfelices,Estamos Felices,https://www.instagram.com/estamosfelices
despuesdetodo.cba,DDT - DESPUÃ‰S DE TODO,https://www.instagram.com/despuesdetodo.cba
clublatranquera,Club La Tranquera,https://www.instagram.com/clublatranquera
elysium.producciones,Elysium Producciones,https://www.instagram.com/elysium.producciones
sequence.nightclub,Sequence,https://www.instagram.com/sequence.nightclub
slowandlouder,S&L,https://www.instagram.com/slowandlouder/
ladob_producciones,Lado B producciones,https://www.instagram.com/ladob_producciones
roomie.club,Roomie Club,https://www.instagram.com/roomie.club
crafterbar_nqn,CRAFTER BAR,https://www.instagram.com/crafterbar_nqn
nextproducciones.ros,NEXT PRODUCCIONES,https://www.instagram.com/nextproducciones.ros
veinticuatrosiete.prod,Veinticuatro Siete,https://www.instagram.com/veinticuatrosiete.prod
elcalamarloco,El Calamar Loco,https://www.instagram.com/elcalamarloco
pulsar.producciones,Pulsar Producciones,https://www.instagram.com/pulsar.producciones
laestacioncordoba,LA ESTACIOÌN,https://www.instagram.com/laestacioncordoba
tauronena_,Tauro Nena,https://www.instagram.com/tauronena_
soundakaofficial,SOUNDAKA,https://www.instagram.com/soundakaofficial
fungus.beer,ğŸ„ F U N G U S ğŸ„,https://www.instagram.com/fungus.beer
mantraloungeclub,Mantra Lounge Club,https://www.instagram.com/mantraloungeclub
blacksheep.pub,BlackSheep,https://www.instagram.com/blacksheep.pub
happysessionok,Happy Session,https://www.instagram.com/happysessionok
freakmeoutarg,FREAK ME OUT,https://www.instagram.com/freakmeoutarg
humclubdemusica,HUM | CLUB DE MUSICA,https://www.instagram.com/humclubdemusica
independence.music,INDEPENDENCE | INDEPENDANCE ğŸ‡¦ğŸ‡·,https://www.instagram.com/independence.music
ciclo.isis,I S I S ELECTRONIC MUSIC ğŸ‡¦ğŸ‡·,https://www.instagram.com/ciclo.isis
destinoarena,destinoarena,https://www.instagram.com/destinoarena
inusual_music,â–‘iâ–‘nâ–‘uâ–‘sâ–‘uâ–‘aâ–‘lâ–‘,https://www.instagram.com/inusual_music
produccionalquimia,ALQUIMIA,https://www.instagram.com/produccionalquimia
hop_oficial,HOP OFICIAL,https://www.instagram.com/hop_oficial
alfinlunes.prod,Al Fin Lunes Producciones,https://www.instagram.com/alfinlunes.prod
dreamersmusic.ar,ğ•–ğ•§ğ•–ğ•Ÿğ•¥ğ• ğ•¤ ğ•–ğ•ğ•–ğ•”ğ•¥ğ•£ğ• ğ•Ÿğ•šğ•”ğ• ğ•¤,https://www.instagram.com/dreamersmusic.ar
on.mvmnt,ğ—¢ğ—».ğ—ºğ˜ƒğ—ºğ—»ğ˜,https://www.instagram.com/on.mvmnt
onebeat.ros,One Beat,https://www.instagram.com/onebeat.ros
southsideprod_,SOUTHSIDE PROD.,https://www.instagram.com/southsideprod_
singenero__,Sin Genero,https://www.instagram.com/singenero__
roadtotheclub,ROAD to the club,https://www.instagram.com/roadtotheclub
arbeatmusic,arbeatmusic,https://www.instagram.com/arbeatmusic
golden.hour.ar,ğŸ”¶GOLDEN HOURÂ®,https://www.instagram.com/golden.hour.ar
somosproduce,Somos Produce,https://www.instagram.com/somosproduce/
numbers____,Numbers.,https://www.instagram.com/numbers____
hand_producciones,Hand Producciones,https://www.instagram.com/hand_producciones
pryma.rec,pryma,https://www.instagram.com/pryma.rec
kosmossoundclub,Kosmossoundclub at Zebra,https://www.instagram.com/kosmossoundclub
cadencia.concept,Cadencia,https://www.instagram.com/cadencia.concept
aboveintheclouds.official,Above In The Clouds â›…,https://www.instagram.com/aboveintheclouds.official
deepgarden.sessions,DeepGardenğŸ¥€ğŸ´,https://www.instagram.com/deepgarden.sessions
detekted.techno,detekted.techno ğŸ‡¦ğŸ‡·,https://www.instagram.com/detekted.techno
elcableafterwake,ElCable AfterWake,https://www.instagram.com/elcableafterwake
meraki_prod_,ğ˜”ğ˜¦ğ˜³ğ˜¢ğ˜¬ğ˜ª | ğ˜—ğ˜³ğ˜°ğ˜¥ğ˜¶ğ˜¤ğ˜µğ˜°ğ˜³ğ˜¢,https://www.instagram.com/meraki_prod_
essence.friends,ESSENCE CREW ğŸŒ‘,https://www.instagram.com/essence.friends
groova.arg,ğ—šğ—¥ğ—¢ğ—¢ğ—©ğ—”,https://www.instagram.com/groova.arg
underbeatsession,UnderBeat Session,https://www.instagram.com/underbeatsession
sonoramusicarg,SONORA,https://www.instagram.com/sonoramusicarg
crossingsouthpr,Crossing South Producciones,https://www.instagram.com/crossingsouthpr
edenproducciones.ofc,ğ„ğƒğ„ğ,https://www.instagram.com/edenproducciones.ofc
groova.arg,Groova,https://www.instagram.com/groova.arg/
oeste_techno,OESTE TECHNO,https://www.instagram.com/oeste_techno
laplayaok,La Playa Festival,https://www.instagram.com/laplayaok/
vision.festival,VISION,https://www.instagram.com/vision.festival
ruerevesmusic,Rue ReÌ‚ves,https://www.instagram.com/ruerevesmusic
groove.2.0,âš¡ï¸ Sundays 2.0 by GROOVE,https://www.instagram.com/groove.2.0
club132official,Club 132,https://www.instagram.com/club132official
xsclub.oficial,Â¢â„“Ï…Ğ² ğ—ğ’,https://www.instagram.com/xsclub.oficial
style.sound,StyleSound,https://www.instagram.com/style.sound
4getprods,4GET Producciones,https://www.instagram.com/4getprods
roswellofc,R O S W E L L,https://www.instagram.com/roswellofc
dharma.producciones,ğƒğ¡ğšğ«ğ¦ğš ğğ«ğ¨ğğ®ğœğœğ¢ğ¨ğ§ğğ¬,https://www.instagram.com/dharma.producciones
moonlight.asu,Moonlight,https://www.instagram.com/moonlight.asu
tierradehadas.ok,TIERRA DE HADAS,https://www.instagram.com/tierradehadas.ok
thebass.produ,The Bass Producciones ğŸ§ğŸ§,https://www.instagram.com/thebass.produ
circus_ofc,CIRCUS,https://www.instagram.com/circus_ofc
concept_techno,CONCEPT TECHNO,https://www.instagram.com/concept_techno
fronteo.product,Tech edition,https://www.instagram.com/fronteo.product
belongto_music,ğ˜‰ğ˜Œğ˜“ğ˜–ğ˜•ğ˜ ğ™ğ™Š ğ™ˆğ™ğ™ğ™„ğ˜¾,https://www.instagram.com/belongto_music
hereandnow.prod,Êœá´‡Ê€á´‡ á´€É´á´… É´á´á´¡,https://www.instagram.com/hereandnow.prod
elementsclub.ba,ELEMENTS BA,https://www.instagram.com/elementsclub.ba
psyche.rec,PsycheÌ Records,https://www.instagram.com/psyche.rec
elcirculotucuman,EL CIRCULO,https://www.instagram.com/elcirculotucuman
cannibal.set,CANNIBAL SET,https://www.instagram.com/cannibal.set
pampa.meetmarket,Pampa Bar | Meet Market,https://www.instagram.com/pampa.meetmarket
vanguard.entertainment,Vanguard Entertainment,https://www.instagram.com/vanguard.entertainment
metanoia.ciclo,Metanoia,https://www.instagram.com/metanoia.ciclo
lastdanz_,Last Danz,https://www.instagram.com/lastdanz_
planet.produ,Planet Producciones,https://www.instagram.com/planet.produ
thefamilybx,The Family Producciones,https://www.instagram.com/thefamilybx
chillistreetclub,Chilli StreetFood,https://www.instagram.com/chillistreetclub
discordia.ar,Discordia Fest,https://www.instagram.com/discordia.ar
mirage.producciones,Mirage Producciones,https://www.instagram.com/mirage.producciones
nbagroup_,NBAproducciones,https://www.instagram.com/nbagroup_
beforedawn.music,BEFORE DAWN,https://www.instagram.com/beforedawn.music/
wertzgroup,Wertz Records Official,https://www.instagram.com/wertzgroup
redfalls.project,RED FALLS,https://www.instagram.com/redfalls.project
undergate.oficial,UNDERGATE,https://www.instagram.com/undergate.oficial
desertinme,Desert In Me,https://www.instagram.com/desertinme
bendito.arg,Bendito Sonido,https://www.instagram.com/bendito.arg
ornament.techno,Ã˜rnament,https://www.instagram.com/ornament.techno
asambleaproduce,asamblea produce,https://www.instagram.com/asambleaproduce
underhertz,Underhertz,https://www.instagram.com/underhertz
disco.tech_,Discotech,https://www.instagram.com/disco.tech_
dpwpsy_ok,DPW (Darth Psyde West),https://www.instagram.com/dpwpsy_ok
groovestation.ok,ğŸ”°GROOVE STATIONğŸ”°,https://www.instagram.com/groovestation.ok
industrialocal.cba,INDUSTRIA LOCAL,https://www.instagram.com/industrialocal.cba
c4_electronicmusic,C4 Electronic Music,https://www.instagram.com/c4_electronicmusic
culturaunderelectronica,Cultura Under Electronica,https://www.instagram.com/culturaunderelectronica
partekna,Paâš¡tekna,https://www.instagram.com/partekna
laneproduce,Lane 32,https://www.instagram.com/laneproduce
pmopenair,PM Open Air,https://www.instagram.com/pmopenair
privatepartybche,privatepartybche,https://www.instagram.com/privatepartybche
elsextorecords,EL SEXTO,https://www.instagram.com/elsextorecords
frere.events,Frere BA Eventos,https://www.instagram.com/frere.events
bendito.arg,Bendito Sonido,https://www.instagram.com/bendito.arg
acidlemon.prod,ğ—”ğ—–ğ—œğ—— ğ—Ÿğ—˜ğ— ğ—¢ğ—¡ ğŸ‹,https://www.instagram.com/acidlemon.prod
gpsafter,GPS after,https://www.instagram.com/gpsafter
frequenzcollective,FREQUENZ,https://www.instagram.com/frequenzcollective
makemefly.ok,MAKE ME FLY,https://www.instagram.com/makemefly.ok
ccomplejoartmedia,,https://www.instagram.com/ccomplejoartmedia
bemadok,Mad Producciones,https://www.instagram.com/bemadok
999ciclo,999,https://www.instagram.com/999ciclo
thisistechnobb,ï¼´ï½ˆï½‰ï½“ ï½‰ï½“ ï¼´Îï¼£ï¼¨ï¼®ï¼¯ ğŸ‡¦ğŸ‡·,https://www.instagram.com/thisistechnobb
bower.group,BOWER,https://www.instagram.com/bower.group
wavebassrave,WAVE | Dubstep Drum and Bass EDM Trap Fiesta buenos aires,https://www.instagram.com/wavebassrave
bantalent,BAN Talent,https://www.instagram.com/bantalent/
sala.groove,SalaGroove,https://www.instagram.com/sala.groove
beatproduccionesoficial,Beat Producciones,https://www.instagram.com/beatproduccionesoficial
120producciones,120 Producciones,https://www.instagram.com/120producciones
gravityproo,Gravity+ Producciones,https://www.instagram.com/gravityproo
rarest.producciones,Rarest,https://www.instagram.com/rarest.producciones
fdmushproducciones,FIN DEL MUNDO PRODUCCIONES,https://www.instagram.com/fdmushproducciones
nn.nonameoficial,PRODUCTORA,https://www.instagram.com/nn.nonameoficial
salvaje.arg,Salvaje,https://www.instagram.com/salvaje.arg
rotten.gruv,ROTTEN GRUV,https://www.instagram.com/rotten.gruv
amancay.musica,Amancay,https://www.instagram.com/amancay.musica
feedbackundergroove,Feedback Undergroove,https://www.instagram.com/feedbackundergroove
lacasita.prod,LA CASITA ğŸ ,https://www.instagram.com/lacasita.prod
cuatro20bar,â€¢ CUATRO VEINTE â€¢,https://www.instagram.com/cuatro20bar
andean.beats,Andean Beats,https://www.instagram.com/andean.beats
360_experiencia,Estudio 360Â°,https://www.instagram.com/360_experiencia
moodnightok,Mood Night,https://www.instagram.com/moodnightok
lixis.x,LIXIS,https://www.instagram.com/lixis.x
la__rave,LA RAVE,https://www.instagram.com/la__rave
t_ouch__,Touch,https://www.instagram.com/t_ouch__
serious.techno,SERIOUS.,https://www.instagram.com/serious.techno
maquinalatinarecords,Maquina Latina,https://www.instagram.com/maquinalatinarecords
melomanapitch,Melomana Pitch,https://www.instagram.com/melomanapitch
holobeatrec,Holobeat,https://www.instagram.com/holobeatrec
nonsenseprod,NonSense,https://www.instagram.com/nonsenseprod
lagune___,,https://www.instagram.com/lagune___
berkanabardelago,Berkana Bar de Lago,https://www.instagram.com/berkanabardelago
_chikamasa_,Chikamasa,https://www.instagram.com/_chikamasa_
abundance.ofc,Abundance,https://www.instagram.com/abundance.ofc
hungaronegro,HÃºngaro Negro,https://www.instagram.com/hungaronegro
astror4ve,Astro Rave,https://www.instagram.com/astror4ve
fgpbsas,FAğŸ”´GOT BA ğŸ‡¦ğŸ‡·,https://www.instagram.com/fgpbsas
___manglar,Manglar,https://www.instagram.com/___manglar
upstairsmendoza,U P S T A I R S,https://www.instagram.com/upstairsmendoza
feliz.agencia,Feliz Agencia,https://www.instagram.com/feliz.agencia
gonnagoprod,Gonna Go,https://www.instagram.com/gonnagoprod
shaddai.prod,SHADDAI PRODUCE,https://www.instagram.com/shaddai.prod
sync.festival_,SYNC ELECTRONIC MUSIC,https://www.instagram.com/sync.festival_
under_reunion,UNDERGROUND REUNION,https://www.instagram.com/under_reunion
chasingsunproductions,Chasing Sun,https://www.instagram.com/chasingsunproductions
ingroove.nqn,,https://www.instagram.com/ingroove.nqn
secret_rav3,ravex,https://www.instagram.com/secret_rav3
delirium.ciclos,DELIRIUM,https://www.instagram.com/delirium.ciclos
lagaleriaaa,La Galeria ğŸ”³,https://www.instagram.com/lagaleriaaa
tekgnosis.mgmt,Tekgnosis,https://www.instagram.com/tekgnosis.mgmt
paranoid.techno,PARANOID,https://www.instagram.com/paranoid.techno
trash.ritual,ÈšÅ™Ä…ÅŸÄ¥ Å˜Ä¯Å£Å³Ä…Å‚ â¬œï¸,https://www.instagram.com/trash.ritual
brutalnoise.999,Brutal Noise,https://www.instagram.com/brutalnoise.999
quintafter,Quintafter,https://www.instagram.com/quintafter
pulpamusic,Pulpa Music,https://www.instagram.com/pulpamusic
tensiontechno_,,https://www.instagram.com/tensiontechno_
wildfestivalok,WILD FESTIVAL SANTA FE,https://www.instagram.com/wildfestivalok
_ciclos__,CICLOS,https://www.instagram.com/_ciclos__
input.palermo.oficial,INPUT Palermo Oficial Â©ï¸,https://www.instagram.com/input.palermo.oficial
ucraniatechno,Ucrania Techno,https://www.instagram.com/ucraniatechno
nosotros.produce,Nosotros Produce,https://www.instagram.com/nosotros.produce
tripevolucion,Trip-Evolucion,https://www.instagram.com/tripevolucion
kdera.exe,ğ—ğ——ğ—˜ğ—¥ğ—©,https://www.instagram.com/kdera.exe
tormenta.electronica,âš¡STORMâš¡,https://www.instagram.com/tormenta.electronica
fusionmusicba,FUSION,https://www.instagram.com/fusionmusicba
hydemusic_,HYDE,https://www.instagram.com/hydemusic_
soundrise.prod,Soundrise Entertainment,https://www.instagram.com/soundrise.prod
vertigotechno,Vertigo Techno,https://www.instagram.com/vertigotechno
fire_bsas,FIRE ğŸ”¥,https://www.instagram.com/fire_bsas
southconga,South Conga,https://www.instagram.com/southconga
arre.crew,arre crew,https://www.instagram.com/arre.crew
beatsessionsoeste,Beat Sessions,https://www.instagram.com/beatsessionsoeste
microdancing.md,MicroDancing,https://www.instagram.com/microdancing.md
loveandlove_festival,Love & Love Festival,https://www.instagram.com/loveandlove_festival
micodelic2.0,Micodelic,https://www.instagram.com/micodelic2.0
arzaffel__,ğ€ğ‘ğ™ğ€ğ…ğ…ğ„ğ‹ğŸ¥€,https://www.instagram.com/arzaffel__
__psy.kick__,PSYKICK,https://www.instagram.com/__psy.kick__
nativa_producciones_,N A T I V A,https://www.instagram.com/nativa_producciones_
muuvsessions,ğ— ğ˜‚ğ˜‚ğ˜ƒ ğ—¦ğ—²ğ˜€ğ˜€ğ—¶ğ—¼ğ—»ğ˜€,https://www.instagram.com/muuvsessions
only_normandina,ONLY CLUB | NORMANDINA,https://www.instagram.com/only_normandina
mutemardelplata,MUTE â– Club de Mar,https://www.instagram.com/mutemardelplata
wecan_fest,WeCan-fest,https://www.instagram.com/wecan_fest
cycles________,CYCLES,https://www.instagram.com/cycles________
opposite_ba,OPPOSITE,https://www.instagram.com/opposite_ba
voltash.ciclo,VOLTASH - Techno en Buenos Aires,https://www.instagram.com/voltash.ciclo
valholl_prod,ValhÃ¶ll,https://www.instagram.com/valholl_prod
technostar.arg,techno star,https://www.instagram.com/technostar.arg
safariproductora,SAFARI,https://www.instagram.com/safariproductora
detroitclassicgallery,DCG,https://www.instagram.com/detroitclassicgallery
capproducciones,ğ—–ğ—”ğ—£-ğ—£ğ—¿ğ—¼ğ—±ğ˜‚ğ—°ğ—°ğ—¶ğ—¼ğ—»ğ—²ğ˜€,https://www.instagram.com/capproducciones
todoproducciones,TODO PRODUCCIONES,https://www.instagram.com/todoproducciones
lfo.community,LFO COMMUNITY,https://www.instagram.com/lfo.community
utopic_ar,UTOPICğŸ”¹,https://www.instagram.com/utopic_ar
fiestabruta,BRUTA,https://www.instagram.com/fiestabruta
pulsoproductora,Fiestas con groove y mÃ­stica ğŸ›¸,https://www.instagram.com/pulsoproductora
clapmusic_,CLAP MUSIC,https://www.instagram.com/clapmusic_
folck_producciones,Folck Producciones,https://www.instagram.com/folck_producciones
fuss.arg,FUSS,https://www.instagram.com/fuss.arg
voidz.oficial,VOIDZ OFICIAL,https://www.instagram.com/voidz.oficial
deeper.sessions,DEEPER SESSIONS,https://www.instagram.com/deeper.sessions
delicia.technopride,DELICIA ğŸŒˆ,https://www.instagram.com/delicia.technopride
keepitflowing.producciones,KEEP IT FLOWING ğŸ“€,https://www.instagram.com/keepitflowing.producciones
hysteria.rave,H y s t e r i a - R a v e,https://www.instagram.com/hysteria.rave
mondlicht.techno,MONDLICHT,https://www.instagram.com/mondlicht.techno
keyproducciones,Key Producciones,https://www.instagram.com/keyproducciones
mystic.cba,M Y S T I C ğŸ”®,https://www.instagram.com/mystic.cba
oncecrew_,ONCE,https://www.instagram.com/oncecrew_/
thepartynameisvibes,VIBES Â®,https://www.instagram.com/thepartynameisvibes
flama.produce,FLAMA PRODUCE,https://www.instagram.com/flama.produce
tekgen_,TEKGEN,https://www.instagram.com/tekgen_
dirtywaveslabel,Dirty Waves,https://www.instagram.com/dirtywaveslabel
bufo.oficial,BUFO,https://www.instagram.com/bufo.oficial
breakhouse.producciones,Break House,https://www.instagram.com/breakhouse.producciones
selene.produce,SELENE,https://www.instagram.com/selene.produce
almas.prod,Almas,https://www.instagram.com/almas.prod
disocial.rave,Disocial.Rave,https://www.instagram.com/disocial.rave
groovesessionvol,Groove Session,https://www.instagram.com/groovesessionvol
bamboleo.ok,Bamboleo Producciones,https://www.instagram.com/bamboleo.ok
picnic_________,picnic______,https://www.instagram.com/picnic_________
polyrithmia,Polyrithmia,https://www.instagram.com/polyrithmia
meet.producciones,MEET PRODUCCIONES,https://www.instagram.com/meet.producciones
spotless____,Spotless,https://www.instagram.com/spotless____
la.boite.club,LaBoiteClub,https://www.instagram.com/la.boite.club
interdance_,INTERDANCE,https://www.instagram.com/interdance_
session909cba,SESSION 909,https://www.instagram.com/session909cba
uoro.ag,UORO.,https://www.instagram.com/uoro.ag
distritoproduce,Distrito,https://www.instagram.com/distritoproduce
recamaraproducciones,RecÃ¡mara Producciones,https://www.instagram.com/recamaraproducciones
limbo.prd,limbo,https://www.instagram.com/limbo.prd
aldea.me,A.L.D.E.A. Music Experience + By DJ MAG L.A.,https://www.instagram.com/aldea.me
metaphysis_0,metaphysis â™¡ã€‹,https://www.instagram.com/metaphysis_0
fungi.techno,FUNGI,https://www.instagram.com/fungi.techno
resetcluub,Reset Club,https://www.instagram.com/resetcluub
sektor13___,SEKTOR13,https://www.instagram.com/sektor13___
_heaven.ofc,Heaven,https://www.instagram.com/_heaven.ofc
casatonicagintoneria,Bienvenidos a Casa.,https://www.instagram.com/casatonicagintoneria
bealive.prod,Bealive Producciones,https://www.instagram.com/bealive.prod
mork.techno,MÃ˜RK,https://www.instagram.com/mork.techno
_external__,External Producciones,https://www.instagram.com/_external__
myst.lp,MYST,https://www.instagram.com/myst.lp
rymmusic.ba,Release Your Mind,https://www.instagram.com/rymmusic.ba
rave.tucuman,Rave Techno,https://www.instagram.com/rave.tucuman
mistic.arg,MISTIC,https://www.instagram.com/mistic.arg
elsotanodec,SÃ³tano,https://www.instagram.com/elsotanodec
ktk_producciones,KTK PRODUCCIONES ğŸ‡¦ğŸ‡·,https://www.instagram.com/ktk_producciones
levels.producciones,,https://www.instagram.com/levels.producciones
nirvana_producciones,Nirvana Producciones,https://www.instagram.com/nirvana_producciones
tsw.ciclo,The Second Wave,https://www.instagram.com/tsw.ciclo
zyklus.producciones,ZYKLUS Producciones,https://www.instagram.com/zyklus.producciones
aquabarra,Aquabarra Lado B,https://www.instagram.com/aquabarra
lapistita,La Pistita,https://www.instagram.com/lapistita
blastkick,BLASTKICK,https://www.instagram.com/blastkick
dream_drums_ba,dream drums,https://www.instagram.com/dream_drums_ba
hooking_ok,Hooking fridays,https://www.instagram.com/hooking_ok
aware.prod,AWARE,https://www.instagram.com/aware.prod
r9.producciones,R9 Producciones,https://www.instagram.com/r9.producciones
zebramegusta,Zebra Club,https://www.instagram.com/zebramegusta
munerproducciones,MÃ¼ner Producciones,https://www.instagram.com/munerproducciones
delimic_,DELIMIC,https://www.instagram.com/delimic_
groove.ok,GROOVE,https://www.instagram.com/groove.ok
soundclubushuaia,Sound Club,https://www.instagram.com/soundclubushuaia
thebabylon.club,The Babylon Club,https://www.instagram.com/thebabylon.club
poltergeist.club,POLTERGEIST,https://www.instagram.com/poltergeist.club
meduxsa.ar,MeduxsaÂ®ï¸,https://www.instagram.com/meduxsa.ar
chakrapsyfestival,CHAKRA PSY,https://www.instagram.com/chakrapsyfestival
weare.rcia,WE ARE,https://www.instagram.com/weare.rcia
fifthdimension.arg,Fifth Dimension,https://www.instagram.com/fifthdimension.arg
arpa.x.salto,ARPA-x07 - Salto Bs As.,https://www.instagram.com/arpa.x.salto
feelthe.fever,ğŸ”¥FEVERğŸ”¥,https://www.instagram.com/feelthe.fever
underh4us,UH4 â€¢ UNDERH4US,https://www.instagram.com/underh4us
genosis.arg,GENOSIS,https://www.instagram.com/genosis.arg
technosis.ar,Technosis,https://www.instagram.com/technosis.ar
pepe_lounge_club,Pepe,https://www.instagram.com/pepe_lounge_club
limbo.3f,Mundo Limbo,https://www.instagram.com/limbo.3f
green.ecoclub,GREEN ECOğŸŒ±CLUB,https://www.instagram.com/green.ecoclub
growler.bar,ğ—šğ—¥ğ—¢ğ—ªğ—Ÿğ—˜ğ—¥ ğ—•ğ—”ğ—¥,https://www.instagram.com/growler.bar
parador1984,Parador / Bar / Restaurante,https://www.instagram.com/parador1984
goformore.prod,GoForMore,https://www.instagram.com/goformore.prod
bitfamily_,BIT,https://www.instagram.com/bitfamily_
thecountymusic_,The County Music,https://www.instagram.com/thecountymusic_
southravemusic,Sá´á´œá´›Êœ Rá´€á´ á´‡ Má´œsÉªá´„ | Delirio del Sur,https://www.instagram.com/southravemusic
cosechadorrego,Cosecha Dorrego Bar ğŸ»,https://www.instagram.com/cosechadorrego
beatsoundok,ğğ„ğ€ğ“ ğ’ğğ”ğğƒ ~ ğ„ğ¥ğğœğ­ğ«ğ¨ğ§ğ¢ğœ ğŒğ®ğ¬ğ¢ğœ ğŸŒ,https://www.instagram.com/beatsoundok
lajuanabariloche,La Juana Bar,https://www.instagram.com/lajuanabariloche
retina100,RETINA,https://www.instagram.com/retina100
blackjaggerclub,Black Jagger Club,https://www.instagram.com/blackjaggerclub
memdza,ğ— ğ—¼ğ˜ƒğ—¶ğ—±ğ—® ğ—˜ğ—¹ğ—²ğ—°ğ˜ğ—¿ğ—¼Ìğ—»ğ—¶ğ—°ğ—® ğ— ğ—²ğ—»ğ—±ğ—¼ğ˜‡ğ—® Â®,https://www.instagram.com/memdza
bohemianrhapsody.ericeira,Events Management,https://www.instagram.com/bohemianrhapsody.ericeira
entrecanibales_electronica,Entre Canibales Electronica,https://www.instagram.com/entrecanibales_electronica
a7.arg,A7,https://www.instagram.com/a7.arg
quantech.arg,QUANTECH ğŸ‘¾,https://www.instagram.com/quantech.arg
hdd.lab,HDD LAB,https://www.instagram.com/hdd.lab
thesoundofmountain,ğ—§ğ—›ğ—˜ ğ—¦ğ—¢ğ—¨ğ—¡ğ—— ğ—¢ğ—™ ğ— ğ—¢ğ—¨ğ—¡ğ—§ğ—”ğ—œğ—¡,https://www.instagram.com/thesoundofmountain
pulse.electronicclub,PULSE ELECTRONIC CLUB,https://www.instagram.com/pulse.electronicclub
speculationsltd,Speculations LTD.,https://www.instagram.com/speculationsltd
_space2k,Space 2000,https://www.instagram.com/_space2k
c0ncret0,CONCRETO,https://www.instagram.com/c0ncret0
jupiter4__,JuÍ§Ñ€â·¬iÍ¥á´›â·®eÍ¤rÍ¬4 â˜¯,https://www.instagram.com/jupiter4__
n4in9n4in,N4IN9N4IN,https://www.instagram.com/n4in9n4in
delirio_freeopenair,DELIRIO free open air,https://www.instagram.com/delirio_freeopenair
under.rail,Under Rail,https://www.instagram.com/under.rail
peraproducciones_,PERA,https://www.instagram.com/peraproducciones_
moonfestpotrerillos,MOONFEST,https://www.instagram.com/moonfestpotrerillos
unibeat.producciones,Unibeat | Productora,https://www.instagram.com/unibeat.producciones
planetario.experiencia,PLANETARIO,https://www.instagram.com/planetario.experiencia
thepantheonpsy,THÎ£ PÎ”Î THÎ£Î©Î  PSÎ¨,https://www.instagram.com/thepantheonpsy
ReneÌe Je T'Aime | Lounge Bar (jueves),ReneÌe Je T'Aime | Lounge Bar,https://www.instagram.com/renee.jetaime
humana.ciclo,HUMANA,https://www.instagram.com/humana.ciclo
nordica_producciones,Nordica Producciones,https://www.instagram.com/nordica_producciones
nordica.prod,Nordica Producciones,https://www.instagram.com/nordica.prod
dynamic.recs,DYNAMIC,https://www.instagram.com/dynamic.recs
wartablerecords,Wartable Records,https://www.instagram.com/wartablerecords
sohopde,Soho Punta del Este,https://www.instagram.com/sohopde
mitic______,mitic,https://www.instagram.com/mitic______
black_kuvo,Black Kuvo ğŸ‡¦ğŸ‡·  ğŸ‡®ğŸ‡¹,https://www.instagram.com/black_kuvo
somoshood_prod,HOOD PRODUCCIONES,https://www.instagram.com/somoshood_prod
resonateoficial,RESONATE OFICIAL,https://www.instagram.com/resonateoficial
conceptmooving,CONCEPT MOOVING,https://www.instagram.com/conceptmooving
dforesttechno.oficial,ğ—˜ğ—©ğ—˜ğ—¡ğ—§ğ—¢ğ—¦ ğ—§ğ—˜ğ—–ğ—›ğ—¡ğ—¢ ğŸŒ²,https://www.instagram.com/dforesttechno.oficial
janos.beach,JANOâ€™S BEACH,https://www.instagram.com/janos.beach
mita.club,Music is the Answer,https://www.instagram.com/mita.club
rooftop.sde,ROOFTOP,https://www.instagram.com/rooftop.sde
pulso.experiences,PULSOğŸ«€,https://www.instagram.com/pulso.experiences
wearehoku,Hoku,https://www.instagram.com/wearehoku
elroblewakecomplex,El Roble Wake Complex,https://www.instagram.com/elroblewakecomplex
camden.ar,CAMDEN,https://www.instagram.com/camden.ar
nautica.summerlife,NÃUTICA â›µ,https://www.instagram.com/nautica.summerlife
quantik.bsas,QUANTIK by INPUT,https://www.instagram.com/quantik.bsas
lunar_groove,Lunar Groove,https://www.instagram.com/lunar_groove
capadoccia.ar,CAPADOCCIA ARGENTINA,https://www.instagram.com/capadoccia.ar
backpoolplace,Back Pool,https://www.instagram.com/backpoolplace
somosraicess,ğ—¥ğ—”ğ—œğ—–ğ—˜ğ—¦,https://www.instagram.com/somosraicess
grooveselections,GrooveSelections,https://www.instagram.com/grooveselections
tynd.producciones,,https://www.instagram.com/tynd.producciones
lima.bsas,Lima Bs As,https://www.instagram.com/lima.bsas
moontechno.producciones,M O O N T E C H N O,https://www.instagram.com/moontechno.producciones
endlessnight.ba,Endless Night,.
clubnovaiguazu,CLUBNOVAğŸª©ğŸ’¿,https://www.instagram.com/clubnovaiguazu
tranceniteevent,Trance Nite - Buenos Aires,https://www.instagram.com/tranceniteevent
experiential.rsa,EXPERIENTIAL,https://www.instagram.com/experiential.rsa
odderway_,Odderway,https://www.instagram.com/odderway_
soultriptechno,S O U L T R I P,https://www.instagram.com/soultriptechno
green.houseap,Green House.,https://www.instagram.com/green.houseap
gardenrituals,Garden Rituals,https://www.instagram.com/gardenrituals
riberavivo,ğ˜™ğ˜ªğ˜£ğ˜¦ğ˜³ğ˜¢ ğ˜·ğ˜ªğ˜·ğ˜° ğ˜±ğ˜³ğ˜°ğ˜¥ğ˜¶ğ˜¤ğ˜¤ğ˜ªğ˜°ğ˜¯ğ˜¦ğ˜´,https://www.instagram.com/riberavivo
digitalpeoqle,Digital People,https://www.instagram.com/digitalpeoqle
mytribepde,MY TRIBE Pde.,https://www.instagram.com/mytribepde
sonora.park,Sonora Park,https://www.instagram.com/sonora.park
district66__,,https://www.instagram.com/district66__
wag__ofc,Wag_oficial,https://www.instagram.com/wag__ofc
selvabsas,SELVA Buenos Aires,https://www.instagram.com/selvabsas
_444series_,444 SERIES RECORD LABEL,https://www.instagram.com/_444series_
tecnotecsi.records,Tecnotecsi Records,https://www.instagram.com/tecnotecsi.records
worldpsy_arg,ğ—ªğ—¢ğ—¥ğ—Ÿğ—— ğ—£ğ—¦ğ—¬,https://www.instagram.com/worldpsy_arg
spot.people,Spot People ğŸ‡¦ğŸ‡·ğŸ‡ºğŸ‡¾,https://www.instagram.com/spot.people
lienzo.project,Eventos en Lugares Ãšnicos,https://www.instagram.com/lienzo.project
unidos.arg,á´œÉ´Éªá´…á´êœ± á´˜Ê€á´á´…á´œá´„á´›á´Ê€á´€,https://www.instagram.com/unidos.arg
themotionuy,mÅtion,https://www.instagram.com/themotionuy
riot_producciones,RIOT Producciones ğŸ›¸,https://www.instagram.com/riot_producciones
club.total,CLUB TOTAL (Ë˜Ï‰Ë˜) ğŸŒ€ğŸ’¨,https://www.instagram.com/club.total
romenproducciones,Romen Producciones,https://www.instagram.com/romenproducciones
buenaproductora,Buena Productora,https://www.instagram.com/buenaproductora
connection.club_,Connection Ciclo de Eventos,https://www.instagram.com/connection.club_
kobold_techno,KOBOLD,https://www.instagram.com/kobold_techno
rebootprods,Reboot,https://www.instagram.com/rebootprods
interbeats.prod,INTERBEATS,https://www.instagram.com/interbeats.prod
ladoc.electronic,LADO C,https://www.instagram.com/ladoc.electronic
fiesta.asegurada,ğŸ›¸ğŸ‘½,https://www.instagram.com/fiesta.asegurada
laisla.sj,ğ‹ğ€ ğˆğ’ğ‹ğ€Â®ï¸,https://www.instagram.com/laisla.sj
vibe.it_,VIBE IT ENTERTAINMENT,https://www.instagram.com/vibe.it_
progressive_experience,Progressive Experience,https://www.instagram.com/progressive_experience
par.electronicmusic,PAR - Immersive Electronic Music,https://www.instagram.com/par.electronicmusic
ufopinamar,Ufo pinamar,https://www.instagram.com/ufopinamar
disorder_riot_,DISÃ˜RDER,https://www.instagram.com/disorder_riot_
groovevibesbooking,Groove Vibes Bookings ğŸ‡¦ğŸ‡·,https://www.instagram.com/groovevibesbooking
howtofly_agency,ğ‡ğğ– ğ“ğ ğ…ğ‹ğ˜,https://www.instagram.com/howtofly_agency
nuevamenteproducciones,Nuevamente Producciones,https://www.instagram.com/nuevamenteproducciones
frequency.arg,Frequency Arg,https://www.instagram.com/frequency.arg
lagranpapi,La Gran Papi,https://www.instagram.com/lagranpapi
coco.bookings,Coco Bookings,https://www.instagram.com/coco.bookings
simbiosis_ciclo,Simbiosis,https://www.instagram.com/symbiosis.of/
desierto.prod,Desierto productoraÂ®ï¸,https://www.instagram.com/desierto.prod
asterland.after,,https://www.instagram.com/asterland.after
genesisaltovalle,GÃ©nesis,https://www.instagram.com/genesisaltovalle
pipilandiaproducciones,Pipilandia,https://www.instagram.com/pipilandiaproducciones
lumina_ar,lumina,https://www.instagram.com/lumina_ar
off.lxve,OFF LXVE,https://www.instagram.com/off.lxve
tronicaok,Tronica,https://www.instagram.com/tronicaok
otromamboclub,OTRO MAMBO,https://www.instagram.com/otromamboclub
distrito4.ar,Distrito4,https://www.instagram.com/distrito4.ar
umma_posadas,UMMA Club,https://www.instagram.com/umma_posadas
7am.pass,7am | Tickets,https://www.instagram.com/7am.pass
cuartonativo,Cuarto Nativo,https://www.instagram.com/cuartonativo
bracohouse,Fiesta | Housemusic | Amor ğŸ¤,https://www.instagram.com/bracohouse
dreamplace.tdl,ğƒğ‘ğ„ğ€ğŒ ğğ‹ğ€ğ‚ğ„ | Productora de Eventos,https://www.instagram.com/dreamplace.tdl
justfeel_ok,,https://www.instagram.com/justfeel_ok
justfeel______,JUST FEEL,https://www.instagram.com/justfeel______
mundoaparte.oficial,Mundo Aparte,https://www.instagram.com/mundoaparte.oficial
skyland.oficial,Skyland,https://www.instagram.com/skyland.oficial
turboentrada,Turbo Entrada,https://www.instagram.com/turboentrada
francisclub__,FrancisClub,https://www.instagram.com/francisclub__
magiceventosbariloche,Magic eventos,https://www.instagram.com/magiceventosbariloche
victoriawhynot,VICTORIA WHYNOT,https://www.instagram.com/victoriawhynot
germanrrivera,German Rivera,https://www.instagram.com/germanrrivera
auditoriosur_eside,AuditorioSur Eside,https://www.instagram.com/auditoriosur_eside
warriors_productora,*WARRIORS*,https://www.instagram.com/warriors_productora
punta.music,Punta Music,https://www.instagram.com/punta.music
moroccocostanera,Morocco,https://www.instagram.com/moroccocostanera
labia.producciones,Labia producciones,https://www.instagram.com/labia.producciones
kenya.rooftop,K E N Y A,https://www.instagram.com/kenya.rooftop
franie.smith,Francine Smith ğŸŒˆğŸ§ğŸ¦„,https://www.instagram.com/franie.smith
arcana.experience,ARCANA,https://www.instagram.com/arcana.experience
buho.produ,BUHO producciones,https://www.instagram.com/buho.produ
aybak.productions,A Y B Ã… K,https://www.instagram.com/aybak.productions
highlifebsas,HIGHLIFE,https://www.instagram.com/highlifebsas
pampawarro,Pampa Warro,https://www.instagram.com/pampawarro
ele_multiespacio,Ele Multiespacio,https://www.instagram.com/ele_multiespacio
px.traveling,PX traveling experience,https://www.instagram.com/px.traveling
enfants.ba,Enfants,https://www.instagram.com/enfants.oficial/
moodhelpers,Moodhelpers,https://www.instagram.com/moodhelpers
dream.machine_label,Dream Machine,https://www.instagram.com/dream.machine_label
smooth.bsas,SMOOTH (Bs.As.),https://www.instagram.com/smooth.bsas
diofaro,Diofaro,https://www.instagram.com/diofaro
eros.techno,Valentina Castillo,https://www.instagram.com/eros.techno
extended.time.ba,THE AFTER,https://www.instagram.com/extended.time.ba
astronomy.oficial,Astronomy,https://www.instagram.com/astronomy.oficial
scandaloproducciones,Scandalo,https://www.instagram.com/scandaloproducciones
urbeat.techno,Urbeat,https://www.instagram.com/urbeat.techno
feedback.undergroove,Feedback Undergroove,https://www.instagram.com/feedbackundergroove/
fizz__music,Fizz music,https://www.instagram.com/fizz__music
melodicsoul_,Melodic Soul,https://www.instagram.com/melodicsoul_
fiestasdeelectronicauruguay,ğ™ˆğ˜¼ğ™ğ™ğ™„ğ™‰ ğ™ƒğ™ğ™ğ™‰ğ™„ğ™†,https://www.instagram.com/fiestasdeelectronicauruguay
fitb____,Feel In The Blank,https://www.instagram.com/fitb____
endlesssound,Endless Sound,https://www.instagram.com/endlesssound
confianza.producciones,Confianza,https://www.instagram.com/confianza.producciones
join.go.on,GO ON,https://www.instagram.com/join.go.on
rhythmic.oficial,â€¢ R H Y T H M I C â€¢,https://www.instagram.com/rhythmic.oficial
decibelesclub,dECIBELES,https://www.instagram.com/decibelesclub
mrjones_mdp,MR. JONES,https://www.instagram.com/mrjones_mdp
club_quba,Club Quba,https://www.instagram.com/club_quba
lbstudio.ok,LB Studio,https://www.instagram.com/lbstudio.ok
samsarabeach.mdq,After Beach,https://www.instagram.com/samsarabeach.mdq
exit.management,EXIT MANAGEMENT & BOOKING AGENCY,https://www.instagram.com/exit.management
lust.experience,LUST á´á´œsÉªá´„ á´‡xá´˜á´‡Ê€Éªá´‡É´á´„á´‡,https://www.instagram.com/lust.experience
fractal.prod,F R A C T A L,https://www.instagram.com/fractal.prod
5d.prod,5DğŸ’œ,https://www.instagram.com/5d.prod
vadormi_producciones,á´ á´€á´…á´Ê€á´Éª_á´˜Ê€á´á´…á´œá´„á´„Éªá´É´á´‡sÂ®ï¸,https://www.instagram.com/vadormi_producciones
gardenofsound.music,G A R D E N O F S O U N D,https://www.instagram.com/gardenofsound.music
clubbingofc,CLUBBING,https://www.instagram.com/clubbingofc
panter.producciones,,https://www.instagram.com/panter.producciones
capitalelectronica,Capital ElectrÃ³nica,https://www.instagram.com/capitalelectronica
mid90s_ba,MID90s,https://www.instagram.com/mid90s_ba
stabtechno,STAB TECHNO,https://www.instagram.com/stabtechno
kook.label,kook label,https://www.instagram.com/kook.label
chrystal.label,Chrystal Label,https://www.instagram.com/chrystal.label
svb_bsas,Svb,https://www.instagram.com/svb_bsas
gluehouse_,Glue House,https://www.instagram.com/gluehouse_
kindergarden.rec,KINDERGARDEN RECORDS,https://www.instagram.com/kindergarden.rec
technoplease_,Techno Please,https://www.instagram.com/technoplease_
lafem__ba,LA FEM,https://www.instagram.com/lafem_ba/
kora.producciones,KORA,https://www.instagram.com/kora.producciones
fusion90_,Fusion 90 - Talento Nacional,https://www.instagram.com/fusion90_
greengoblin.ofc,Green Goblin Festival,https://www.instagram.com/greengoblin.ofc
neptune_legs,Legs Producciones - Neptune,https://www.instagram.com/neptune_legs
symbiotic.ciclo,SymbiÃ¸tic ğŸ¦ ,https://www.instagram.com/symbiotic.ciclo
inerciagroup,INERCIA GROUP,https://www.instagram.com/inerciagroup
amelebeat,- á´€á´á´‡ ÊŸá´‡ Ê™á´‡á´€á´› -,.
planout.ar,Plan Out,https://www.instagram.com/planout.ar
patagoniapicnic,ğŸ”ï¸â„ï¸ WINTER EDITION â„ï¸ğŸ”ï¸ 10/8 â¤ï¸â€ğŸ”¥,https://www.instagram.com/patagoniapicnic
all.indeep,All in Deep,https://www.instagram.com/all.indeep
loop_baires,LOOP |,https://www.instagram.com/loop_baires
agora.group_,ÃGORA GROUP,https://www.instagram.com/agora.group_
dikeyorg,ğ—— ğ—œ ğ— ğ—˜ ğ—¬,https://www.instagram.com/dikeyorg
ciclosavant,SAVANT,https://www.instagram.com/ciclosavant
bloom.produce,BLOOM PRODUCE,https://www.instagram.com/bloom.produce
club_baires,CLUB BUENOS AIRES,https://www.instagram.com/club_baires
moontravel,Moon Travel,https://www.instagram.com/moontravel
buen.viaje.prod,BUEN VIAJE PRODUCCIONES ğŸª,https://www.instagram.com/buen.viaje.prod
martin.angrisano.music,Martin Angrisano (ARG),https://www.instagram.com/martin.angrisano.music
movidaelectronicanqn,Movida ElectrÃ³nica Neuquen,https://www.instagram.com/movidaelectronicanqn
bookingtechno,BookingTechno,https://www.instagram.com/bookingtechno
attack.records,ATTACK Rec. ğŸ”ª,https://www.instagram.com/attack.records
Suite 122,suite_122,https://www.instagram.com/suite_122/
elchucaroeventos,Chucaro SalÃ³n de Eventos,https://www.instagram.com/elchucaroeventos/
dissnoant.ofc,DISSONANT,https://www.instagram.com/dissonant.ofc/
aprescatedral,A P R ÃŠ S,https://www.instagram.com/aprescatedral/
theclub.2.3,THE CLUB 23,https://www.instagram.com/theclub23.oficial/
theclub_mza,The Club,https://www.instagram.com/theclub_mza
lapime.ba,ğ™‡ğ˜¼ ğ™‹ğ™„ğ™ˆğ™€,https://www.instagram.com/lapime.ba
pulserecords.ar,PÌµUÌµLÌµSÌµEÌµ,https://www.instagram.com/pulserecords.ar
frecuenciatmos,ATMOS,https://www.instagram.com/frecuenciatmos
pylaerestobar,PYLAE PROGRESSIVE BAR,https://www.instagram.com/pylaeprogressivebar/
lotus_alto,Lotus Alto,https://www.instagram.com/lotus_alto
wabifunclub,Wabi Fun Club,https://www.instagram.com/wabifunclub
techno.mdz,Techno Mdz,https://www.instagram.com/techno.mdz
boiler.producciones,Boiler Producciones,https://www.instagram.com/boiler.producciones
vortex_club_mdz,Vortex Club,https://www.instagram.com/vortex_club_mdz
aquasanluis,AQUA San Luis oficial,https://www.instagram.com/aquasanluis
brucks.tuc,Bruckâ€™s | bar & pub,https://www.instagram.com/brucks.tuc
ctrlz.ciclo,CONTROL Z,https://www.instagram.com/ctrlz.ciclo
dmensions.tm,Dâ„¢,https://www.instagram.com/dmensions.tm
lignee.bar,LignÃ©e Bar,https://www.instagram.com/lignee.bar
j_l_club,J L CLUB,https://www.instagram.com/j_l_club
totalclubtotal,CLUB TOTAL,https://www.instagram.com/totalclubtotal
cicloenso,EnsoProgreAr,https://www.instagram.com/cicloenso
lino.cultura,Lino,https://www.instagram.com/lino.cultura
bigbang_event_producer,BIGBANG Event Producer,https://www.instagram.com/bigbang_event_producer
wavproducciones,.WAV,https://www.instagram.com/wavproducciones
muelle_costanera,MUELLE COSTANERA,https://www.instagram.com/muelle_costanera
hoodzone.techno,ğ‡ğ¨ğ¨ğ ğ™ğ¨ğ§ğ,https://www.instagram.com/hoodzone.techno
kikacluboficial,ğŸª© KIKA CLUB ğŸ¥‚,https://www.instagram.com/kikacluboficial
dementia.records,Dementia Records,https://www.instagram.com/dementia.records
budagroup_,ğ—£ğ—¿ğ—¼ğ—±ğ˜‚ğ—°ğ˜ğ—¼ğ—¿ğ—® ğ—±ğ—² ğ—˜ğ˜ƒğ—²ğ—»ğ˜ğ—¼ğ˜€,https://www.instagram.com/budagroup_
cm__producciones,ğŸ‡¦ğŸ‡· ğ˜¾ğ™ˆ ğ™‹ğ™§ğ™¤ğ™™ğ™ªğ™˜ğ™˜ğ™ğ™¤ğ™£ğ™šğ™¨.,https://www.instagram.com/cm__producciones
flama_bookings,Flama Bookings,https://www.instagram.com/flama_bookings
buenviajeprod,BUEN VIAJE Â®ï¸,https://www.instagram.com/buenviajeprod
zet.producciones,Zet producciones,https://www.instagram.com/zet.producciones
raveproduction___,RAVE PRODUCTION | Producciones,https://www.instagram.com/raveproduction___
plur.ofc,PLUR,https://www.instagram.com/plur.ofc
private.techno,Private Techno,https://www.instagram.com/private.techno
kenya_house_music,kenya House Music,https://www.instagram.com/kenya_house_music
ciclo.nexo,Ciclo Nexo,https://www.instagram.com/ciclo.nexo
successesproducciones,Successes Producciones,https://www.instagram.com/successesproducciones
runa.club,RUNA CLUB  Â®ï¸,https://www.instagram.com/runa.club
lookme.experience,Look Me,https://www.instagram.com/lookme.experience
chirolasgroove,G R O O V E,https://www.instagram.com/chirolasgroove
inclub.cba,inclub,https://www.instagram.com/inclub.cba
peishpro,#Peish,https://www.instagram.com/peishpro
india.house.club,ğ—œğ—¡ğ——ğ—œğ—” ğ—›ğ—¢ğ—¨ğ—¦ğ—˜ - Club,https://www.instagram.com/india.house.club
__.blackbox.__,BlackBox,.
iconic.club,ICONIC CLUB,https://www.instagram.com/iconic.club
somnus.wav,SOMNUS,https://www.instagram.com/somnus.wav
puerta_bassmusic,PUERTA,https://www.instagram.com/puerta_bassmusic
911club.ba,,https://www.instagram.com/911club.ba
feboasoma.ciclo,Febo Asoma,https://www.instagram.com/feboasoma.ciclo
audiosive,AUDIOSIVE,https://www.instagram.com/audiosive
clubkoi_,KOI CLUB,https://www.instagram.com/clubkoi_
blow_sj,BLOW,https://www.instagram.com/blow_sj
muna.prod,á´á´œÉ´á´€ | á´›á´‡á´„ÊœÉ´á´ á´‡xá´˜á´‡Ê€Éªá´‡É´á´„á´‡,https://www.instagram.com/muna.prod
medusaclub__,Medusa Club,https://www.instagram.com/medusaclub__
corner.pichincha,Corner Pichincha,https://www.instagram.com/corner.pichincha
staffordcerveceriaok,Stafford Cerveceria,https://www.instagram.com/staffordcerveceriaok
jota.culturalocal,ğŸ‡¯ ğŸ‡´ ğŸ‡¹ ğŸ‡¦ .  Ciudad de La Plata,https://www.instagram.com/jota.culturalocal
pabu.producciones,PABÃœ,.
miragebsas,MIRAGE BS AS,https://www.instagram.com/miragebsas
cretacostanera,CreÌˆta,https://www.instagram.com/cretacostanera
droop.ba,DROOP ğŸ‡¦ğŸ‡·,https://www.instagram.com/droop.ba
kenya_oficial_ok,â›©ï¸ ğ™ ğ™šğ™£ğ™®ğ™– ğ™Šğ™›ğ™ğ™˜ğ™ğ™–ğ™¡,https://www.instagram.com/kenya_oficial_ok
music.fromthefuture,MUSIC FRğŸŒ‘M THE FUTURE,https://www.instagram.com/music.fromthefuture
elenaprojects_,Elena Projects,https://www.instagram.com/elenaprojects_
bonaireba,BONAIRE,https://www.instagram.com/bonaireba
zouk.kika,ğ™ğ¨ğ®ğ¤ ğŠğ¢ğ¤ğš,https://www.instagram.com/zouk.kika
livingroom_oficial,Living Room,https://www.instagram.com/livingroom_oficial
codeone_ar,Code One,https://www.instagram.com/codeone_ar
technoterapia.rave,TECHNOTERAPIA.RAVE â˜ â˜ ,https://www.instagram.com/technoterapia.rave
under_rave,â˜¢ UNDER Râ’¶VE â˜¢,https://www.instagram.com/under_rave
ravee.agency,Agency Hysteria Rave,https://www.instagram.com/ravee.agency
patagoniaelectronika,PATAGONIA ELECTRONIKA,https://www.instagram.com/patagoniaelectronika
etnia.ciclo,Etnia,https://www.instagram.com/etnia.ciclo
feuer555,FEUER,https://www.instagram.com/feuer555
cutclubb,Cut Club,https://www.instagram.com/cutclubb
crudxfestival,CRUDX FESTIVAL,https://www.instagram.com/crudxfestival
culturalaurora.art,CULTURAL âˆ†URORâˆ†,https://www.instagram.com/culturalaurora.art
room.mza,ROOM!,https://www.instagram.com/room.mza
underberlin.rave,UNDER BERLIN,https://www.instagram.com/underberlin.rave
complejocdp,Casa de Piedra,https://www.instagram.com/complejocdp
wearerooftop,ROOFTOP GÃ¼emes,https://www.instagram.com/wearerooftop
amnesia.club,Amnesia,https://www.instagram.com/amnesia.club
clubdelprogre,Club del Progre,https://www.instagram.com/clubdelprogre
_dynamicsound,ğƒğ²ğ§ğšğ¦ğ¢ğœ ğ’ğ¨ğ®ğ§ğ ğğ«ğ¨ğğ®ğœğœğ¢ğ¨ğ§ğğ¬,https://www.instagram.com/_dynamicsound
chauvin.mardelplata,CHAUVIN,https://www.instagram.com/chauvin.mardelplata
dahausclub,dahaus!,https://www.instagram.com/dahausclub
rooftop.rosario,Rá´á´Ò“á´›á´á´˜,https://www.instagram.com/rooftop.rosario
cosmos.ros,COSMOS,https://www.instagram.com/cosmos.ros
cc.beirut,Beirut Bar,https://www.instagram.com/cc.beirut
ocio.ciclo,OCIO,https://www.instagram.com/ocio.ciclo
under.psyco.lp,Juanana producciones,https://www.instagram.com/under.psyco.lp
techno_mic,TECHNOMIC,.
hida.producciones,Hida ğŸŒ±,https://www.instagram.com/hida.producciones
johndoesessions,John Doe SESSIONS,https://www.instagram.com/johndoesessions
technoir.ba,Technoir.Buenos Aires,https://www.instagram.com/technoir.ba
interestelpsy,Interestelpsy,https://www.instagram.com/interestelpsy
catarsick.rave,Techno Rave ğŸŒ¡ï¸,https://www.instagram.com/catarsick.rave
levelup.experience,ğ‹ğğ¯ğğ¥ ğ”ğ© ğ„ğ±ğ©ğğ«ğ¢ğğ§ğœğ,https://www.instagram.com/levelup.experience
penhousecrew,Penhouse,https://www.instagram.com/penhousecrew
lowbpm_music,Lowbpm.,https://www.instagram.com/lowbpm_music
tantra.ba,Tantra Palermo,https://www.instagram.com/tantra.ba
dorsiacluboficial,Dorsia Club,https://www.instagram.com/dorsiacluboficial
clubscalabrini,Gonza Velazco,https://www.instagram.com/clubscalabrini
boho.produce,Hipico Pm,https://www.instagram.com/boho.produce
labiblioteca.ba,La Biblioteca,https://www.instagram.com/labiblioteca.ba
inspire.producciones,Inspire Producciones,https://www.instagram.com/inspire.producciones
zegrefusion,ZEGRE,https://www.instagram.com/zegrefusion
deseobsas,deseo,https://www.instagram.com/deseobsas
rocabruja_,Roca Bruja,https://www.instagram.com/rocabruja_
nastypartyy,NASTY PARTY,https://www.instagram.com/nastypartyy
barcarnal,L V R Z ğŸ›¸,https://www.instagram.com/barcarnal
clubdeamigos.pro,ğ‚ğ‹ğ”ğ ğƒğ„ ğ€ğŒğˆğ†ğğ’,https://www.instagram.com/clubdeamigos.pro
hexa.ar,HEXA,https://www.instagram.com/hexa.ar
mesjoficial,Movida ElectrÃ³nica San Juan,https://www.instagram.com/mesjoficial
ravesessions,RAVE SESSIONSÂ®,https://www.instagram.com/ravesessions
organik.music,Organik Music Festival ğŸŒ¿,https://www.instagram.com/organik.music
new.visionprod,ğŸª¬ NEW VISION producciones,https://www.instagram.com/new.visionprod
north_agency_,North Agency,https://www.instagram.com/north_agency_
madness_prods,Madness Producciones,https://www.instagram.com/madness_prods
leteoofficial,L E T E O (Î›Î·ÌÎ¸Î·),https://www.instagram.com/leteoofficial
afrika.club.arg,AFRIKA CLUB,https://www.instagram.com/afrika.club.arg
pgsv_prod,PGSV Producciones,https://www.instagram.com/pgsv_prod
habitat_ba,H AÌ B I T A T ğŸƒ,https://www.instagram.com/habitat_ba
mandarineparkoficial,Mandarine Park Oficial,https://www.instagram.com/mandarineparkoficial
asterland,asterland.after,https://www.instagram.com/asterland.after